ticker,ex_date,amount_as_listed,divide_by
NVDA,2021-12-01,0.04,10
NVDA,2022-03-02,0.04,10
NVDA,2022-06-08,0.04,10
NVDA,2022-09-07,0.04,10
NVDA,2022-11-30,0.04,10
NVDA,2023-03-07,0.04,10
NVDA,2023-06-07,0.04,10
NVDA,2023-09-06,0.04,10
NVDA,2023-12-05,0.04,10
NVDA,2024-03-05,0.04,10
NVDA,2024-06-11,0.01,1
NVDA,2024-09-12,0.01,1
NVDA,2024-12-05,0.01,1
NVDA,2025-03-12,0.01,1
NVDA,2025-06-11,0.01,1
NVDA,2025-09-11,0.01,1
NVDA,2025-12-04,0.01,1
NVDA,2026-03-11,0.01,1
NVDA,2026-06-04,0.25,1
NVDA,2026-09-10,0.25,1
LNG,2021-11-02,0.33,1
LNG,2022-02-04,0.33,1
LNG,2022-05-09,0.33,1
LNG,2022-08-08,0.33,1
LNG,2022-11-07,0.395,1
LNG,2023-02-06,0.395,1
LNG,2023-05-09,0.395,1
LNG,2023-08-08,0.395,1
LNG,2023-11-08,0.435,1
LNG,2024-02-05,0.435,1
LNG,2024-05-09,0.435,1
LNG,2024-08-09,0.435,1
LNG,2024-11-08,0.50,1
LNG,2025-02-07,0.50,1
LNG,2025-05-09,0.50,1
LNG,2025-08-08,0.50,1
LNG,2025-11-07,0.555,1
LNG,2026-02-06,0.555,1
LNG,2026-05-11,0.555,1
LNG,2026-08-10,0.555,1
AVGO,2021-12-21,4.10,10
AVGO,2022-03-21,4.10,10
AVGO,2022-06-21,4.10,10
AVGO,2022-09-21,4.10,10
AVGO,2022-12-19,4.60,10
AVGO,2023-03-21,4.60,10
AVGO,2023-06-21,4.60,10
AVGO,2023-09-20,4.60,10
AVGO,2023-12-19,5.25,10
AVGO,2024-03-20,5.25,10
AVGO,2024-06-24,5.25,10
AVGO,2024-09-19,0.53,1
AVGO,2024-12-23,0.59,1
AVGO,2025-03-20,0.59,1
AVGO,2025-06-20,0.59,1
AVGO,2025-09-22,0.59,1
AVGO,2025-12-22,0.65,1
AVGO,2026-03-23,0.65,1
AVGO,2026-06-22,0.65,1
AVGO,2026-09-21,0.65,1
